pNPP (mM),slopes
20.0,0.2892506385894737
10.0,0.27880733943157904
7.0,0.26825116593082704
4.0,0.24139941690526318
2.0,0.20673321230977446
1.0,0.1595900277142857
0.7,0.12890131578947372
0.4,0.09117987271278195
0.2,0.05658209154887218
0.1,0.02960706766917293
0.05,0.015764305515789476
